query,context,answer
Can you elaborate on the issue discussed in this report about ivo karlovic broke roger federer's serve for the first time?,Ivo Karlovic broke Roger Federer's serve for the first time in his life. Nikolay Davydenko beat Argentinas Juan Del Potro 76 73 61 in his opening match. Novak Djokovic beaten in second round of Paris Masters by Fabrice Santoro. Andy Roddick beats Kei Nishikori of Japan in straight sets in San Jose. Nihat Iversen scored a hat-trick in Malta. Turkey needed to win to progress to the last 16 of the Champions League. AC Milan keeper Dida banned for two matches after Celtic fan invaded the pitch and slapped the Brazilian in the face. Kaka won the Ballon dOr for his performance in Champions League final. Italy clinch qualification for Euro 2008 with 21-1 victory over Scotland. Italy both qualify without playing a game from Group B. Scotland drop to second in Group B after 1-0 defeat to Italy.,Ivo Karlovic broke Roger Federer's serve for the first time in his life. Nikolay Davydenko beat Argentinas Juan Del Potro 76 73 61 in his opening match. Novak Djokovic beaten in second round of Paris Masters by Fabrice Santoro. Andy Roddick beats Kei Nishikori of Japan in straight sets in San Jose. Nihat Iversen scored a hat-trick in Malta. Turkey needed to win to progress to the last 16 of the Champions League. AC Milan keeper Dida banned for two matches after Celtic fan inv...
Can you elaborate on the issue discussed in this report about heath ledger was a sweet person and an unbelievably talented?,Heath Ledger was a sweet person and an unbelievably talented actor Maybe the best of his generation Dan Bova of Larchmont New York once got a flat tire He helped jack up my car and change the tire His portrayal of Ennis del Mar was lifechanging for many of my friends. Alfred Hitchcock was without question one of the towering geniuses of cinema And like many greats he wasnt exactly the best collaborator Heres to the creative types who managed to raise egotism to an art form The Academy Awards opened with host Jon Stewart joking about the recently ended writers strike The strike forced a cutback in the Golden Globes and threatened the Oscars as well. The duo went on to write charttoppers like Will You Still Love Me Tomorrow and The LocoMotion It Aint Me Babe Written for Joan Baez though it clearly wasnt the nicest gift Dylan could have given her.,Heath Ledger was a sweet person and an unbelievably talented actor Maybe the best of his generation Dan Bova of Larchmont New York once got a flat tire He helped jack up my car and change the tire His portrayal of Ennis del Mar was lifechanging for many of my friends. Alfred Hitchcock was without question one of the towering geniuses of cinema And like many greats he wasnt exactly the best collaborator Heres to the creative types who managed to raise egotism to an art form Th...
Can you elaborate on the issue discussed in this report about 1 073 immigration detainees had medical escorts for deportation since?,1 073 immigration detainees had medical escorts for deportation since 2003 56 received psychotropic medications during the removal process. Without a court order requiring the preservation of evidence there is substantial risk that the torture evidence will disappear attorneys claim. Sen Patrick Leahy DVermont announced he would vote against the Mukasey nomination. Sen Charles Schumer said that in a meeting Friday the nominee said that Congress would be within its rights to pass a law that bans waterboarding across all government agencies. The committee voted 118 to send Mukaseys nomination to the Senate floor. If all the Republican members of the committee also vote for Mukasesy which is expected his nomination will go before the full Senate. A leading Democrat speaking on condition of anonymity said Wednesday that the nomination is likely to be confirmed. Many of his films such as Los Angeles Now and Brown is the New Green explore the experience and identity of Latinos in the United States.,1 073 immigration detainees had medical escorts for deportation since 2003 56 received psychotropic medications during the removal process. Without a court order requiring the preservation of evidence there is substantial risk that the torture evidence will disappear attorneys claim. Sen Patrick Leahy DVermont announced he would vote against the Mukasey nomination. Sen Charles Schumer said that in a meeting Friday the nominee said that Congress would be within its rights to p...
Can you elaborate on the issue discussed in this report about saudi court ruled the 19yearold had an illegitimate relationship with?,Saudi court ruled the 19yearold had an illegitimate relationship with a man who was not her husband The rape took place in Qatif in March 2006 when the woman was engaged to be married. Seven men convicted of abducting the pair and raping her were sentenced from two to nine years in prison Abdul Rahman alLahim the lawyer who represented the woman faced a disciplinary hearing for insulting the Supreme Judicial Council The hearing has been postponed Jeffs 51 was convicted in September of being an accomplice to rape. He faces a sentence of up to life in prison when he is sentenced November 20. The womans sentence provoked outrage in the West and cast light on the treatment of women under Saudi Arabian law Under Saudi law women are subject to numerous restrictions including a strict dress code a prohibition against driving and a requirement that they get a mans permission to travel or have surgery. The woman was sentenced to prison for speaking out about the case Human rights groups want Saudi Arabias King Abdullah to drop charges against the rape victim.,Saudi court ruled the 19yearold had an illegitimate relationship with a man who was not her husband The rape took place in Qatif in March 2006 when the woman was engaged to be married. Seven men convicted of abducting the pair and raping her were sentenced from two to nine years in prison Abdul Rahman alLahim the lawyer who represented the woman faced a disciplinary hearing for insulting the Supreme Judicial Council The hearing has been postponed Jeffs 51 was convicted in Sep...
What findings emerged from President George W. Bush’s colonoscopy and how was power transferred during the procedure?,Sixtythree structures 21 of them homes were destroyed and three civilians and two firefighters were injured. 13 wildfires have consumed more than 98 000 acres and destroyed or damaged at least 50 homes and businesses. More than 265 000 people have been evacuated and nearly 4 900 firefighters are battling the blazes. The fires have already destroyed 1 664 structures including 1 436 homes Schwarzenegger says The blazes have killed three people and left 40 hurt he says President Bush signed a major disaster declaration Wednesday. The governor will fly over the area Thursday with President Bush. Sailors stationed in Southern California are abandoning their barracks to move to shipboard billeting. 1 400 Navy personnel and their families have been forced to evacuate Camp Pendleton because of the fire. Tom Cruise expounds on his beliefs in Scientology in a 2004 video expounding on the proliferation of the fires in the San Diego area in a video.,"President George W. Bush underwent a routine colonoscopy during which five small polyps were discovered and removed. These polyps were non-cancerous, and the results showed no alarming developments. During the procedure, Vice President Cheney temporarily assumed presidential powers. This procedure, though routine, highlighted the importance of regular health check-ups for public figures and was handled with full transparency by the White House."
Can you elaborate on the issue discussed in this report about a man said his wife saw two demonstrators hit by?,"A man said his wife saw two demonstrators hit by a police car earlier in the day. Police said the bus lost control on a curve ran off the road and rolled over several times. In Los Ríos province five people died when an ambulance drove into a hole at the side of a street. Ann Curley has been a type I diabetic for 40 years. She uses a pump attached to a catheter in her body to monitor glucose levels and administer insulin. Two men two women and two boys were found dead in a home in a north Memphis neighborhood. Three other children who were wounded in the home were taken to a hospital. Police do not know what was behind the violence the Commercial Appeal newspaper reports ""We just dont know the motive or cause of death but we do have four adults and two children dead "" a police lieutenant says. Two of the children are in very critical condition and one is in serious condition.",A man said his wife saw two demonstrators hit by a police car earlier in the day. Police said the bus lost control on a curve ran off the road and rolled over several times. In Los Ríos province five people died when an ambulance drove into a hole at the side of a street. Ann Curley has been a type I diabetic for 40 years. She uses a pump attached to a catheter in her body to monitor glucose levels and administer insulin. Two men two women and two boys were found dead in a ho...
What role did Michael Vick play in a dogfighting operation and what were the legal repercussions?,Atlanta Falcons quarterback Michael Vick is expected to plead guilty to federal conspiracy charges. The NFL has not yet decided what football sanctions if any it should impose on Vick We asked CNN readers whether they thought Vick would or should play professional football again. CNN Senior Legal Analyst Jeffrey Toobin speculated that Vick started his sentence early to get it out of the way. Vick agreed to make restitution for the full amount of the costs associated with the dogs that are being held by the government. Vick also agreed to turn over any documents he has and to submit to polygraph tests. Vick will be arraigned October 3 in state court in Virginia Vick faces a possible prison term of 12 to 18 months after his August guilty plea. Vick should contribute at least 40 of his salary for what could have potentially been his maximum jail sentence to the Humane Society to help abused and abandoned animals. Vick admitted that he and two coconspirators killed dogs that did not fight well.,"Michael Vick, once a celebrated NFL quarterback, became embroiled in a major scandal after being charged with participating in a dogfighting ring. He admitted to funding and managing operations where dogs were brutally trained and killed. Vick pled guilty to conspiracy charges, faced a prison sentence, and was suspended from the NFL. The case sparked widespread public outrage and raised awareness about animal cruelty in underground dogfighting networks."
What findings emerged from President George W. Bush’s colonoscopy and how was power transferred during the procedure?,President Bush draws parallels between the cost of pulling out of Iraq and the tragedy of Vietnam Three decades later there is a legitimate debate about how we got into the Vietnam War and how we left Bush says. The White House billed the speech as it did next weeks address to the American Legion as an effort to provide broader context for the debate over the Iraq progress report. Bush also sought to shore up the perception of his support for Iraqi Prime Minister Nuri alMaliki after voicing some frustration with him on Tuesday. The bill includes about 150 billion to run those departments The bill also includes more than 450 billion in mandatory spending on Medicare and Medicaid While polls show Bushs popularity remains at nearrecord lows Congress ranks even lower as a whole The president has taken numerous opportunities to mock the spending habits of the Democratic leadership and force confrontations over the appropriations bills. Democrats added 3 7 billion to what the president budgeted for veterans programs.,"President George W. Bush underwent a routine colonoscopy during which five small polyps were discovered and removed. These polyps were non-cancerous, and the results showed no alarming developments. During the procedure, Vice President Cheney temporarily assumed presidential powers. This procedure, though routine, highlighted the importance of regular health check-ups for public figures and was handled with full transparency by the White House."
Can you elaborate on the issue discussed in this report about jolie also is talking to people about moving forward the?,Jolie also is talking to people about moving forward the U S effort to resettle Iraqi refugees in the United States Only 375 have been admitted so far Most of the refugees are in Syria and Jordan and they reside in big cities like Damascus and Amman Money is being allocated to Iraq and host countries to help clothe feed and house people. Jordan is allowing all Iraqi children regardless of refugee status to enroll in statefunded schools. More than 2 2 million Iraqis have fled the violence in their homeland most of them seeking refuge in neighboring Jordan and Syria Jordanian Minister of Education Khalid Touqan says he expects Jordan to accommodate 40 000 to 50 000 Iraqi students this year. About 2 000 Palestinian refugees are stranded in camps along the Syrian border U N appeals for the resettlement of vulnerable and sick children in Al Waleed refugee camp One of those who died in the camp was a 3yearold Palestinian boy who was suffering from rickets and pneumonia.,Jolie also is talking to people about moving forward the U S effort to resettle Iraqi refugees in the United States Only 375 have been admitted so far Most of the refugees are in Syria and Jordan and they reside in big cities like Damascus and Amman Money is being allocated to Iraq and host countries to help clothe feed and house people. Jordan is allowing all Iraqi children regardless of refugee status to enroll in statefunded schools. More than 2 2 million Iraqis have fled ...
Can you elaborate on the issue discussed in this report about previously unseen footage of diana has been shown to the?,"Previously unseen footage of Diana has been shown to the jury at the inquest into her death. Images taken from a security camera at the Ritz Hotel in Paris show the 36yearold smiling as she and her lover Dodi Fayed step into an elevator. Footage shows Fayed visiting a jewelers shop images that could lend support to claims that he was buying an engagement ring Mohamed Al Fayed father of Dodi and the owner of Harrods has long claimed that senior members of the royal family ordered the pair be murdered. Diana once referred to Burrell as her ""rock "" he tells inquest Diana died in a Paris car crash on August 31 1997 along with her boyfriend DodiFayed. The inquest which began in October and is expected to last another two or three months aims to uncover the facts surrounding the deaths of the Princess and Dodi. The jury is set to hear scene setting evidence including CCTV and a tourist video.",Previously unseen footage of Diana has been shown to the jury at the inquest into her death. Images taken from a security camera at the Ritz Hotel in Paris show the 36yearold smiling as she and her lover Dodi Fayed step into an elevator. Footage shows Fayed visiting a jewelers shop images that could lend support to claims that he was buying an engagement ring Mohamed Al Fayed father of Dodi and the owner of Harrods has long claimed that senior members of the royal family orde...
Can you elaborate on the issue discussed in this report about simpson is accused of having directed several other men in?,Simpson is accused of having directed several other men in an alleged armed robbery of sports memorabilia Las Vegas authorities said they have no information leading them to believe Simpson was carrying a firearm during the alleged incident. Eighth District Judge Jackie Glass hours earlier doubled Simpson bail to ensure his appearance at an April 7 trial. Simpson faces trial April 7 on 12 criminal counts including conspiracy kidnapping robbery burglary coercion and assault with a deadly weapon. Simpson has acknowledged taking some items that belonged to him but he has denied that any weapons were involved. Simpson returned to jail in Nevada from his home in Florida January 11 for Wednesdays hearing Prosecutors alleged he violated the terms of his bail by attempting to contact a codefendant. Simpson was acquitted of murder the following year In 1997 a jury found him liable for the deaths in a civil case brought by the Goldman family. Opium has accounted for more than half of Afghanistans gross domestic product in 2007. About a quarter of the earnings from opium go to farmers according to the U N Lopez White and Champagne were arrested Thursday at a storage facility in Sandy Springs Georgia a suburb just north of Atlanta.,Simpson is accused of having directed several other men in an alleged armed robbery of sports memorabilia Las Vegas authorities said they have no information leading them to believe Simpson was carrying a firearm during the alleged incident. Eighth District Judge Jackie Glass hours earlier doubled Simpson bail to ensure his appearance at an April 7 trial. Simpson faces trial April 7 on 12 criminal counts including conspiracy kidnapping robbery burglary coercion and assault wi...
Can you elaborate on the issue discussed in this report about after more than a decade of relative peace and reconstruction?,After more than a decade of relative peace and reconstruction the bombings and assassinations have returned to Beirut. Two suspected car bombs struck Algiers within 10 minutes of each other. Interior minister blames a militant Islamic group with ties to al Qaeda for the attacks In a posting on an Islamist Web site the group al Qaeda Islamic Maghreb claimed responsibility. The group called the operation another successful conquest and a second epic Libyan agent Abdel Basset alMegrahi convicted of the attack in 2001 was this week granted the right to mount a fresh appeal September 1989 Eleven people die and 22 are wounded when an IRA bomb explodes at a Royal Marine music school in Deal southern England. On Valentines Day 2005 the Corniche was once again rocked by an explosion Former Prime Minister Rafik Hariri was killed On the day of love Lebanon was thrown back into its most hateful history July 7 2005 Four suicide bombers detonate themselves aboard three underground trains and a bus in a morning rush hour attack against Londons transport network.,After more than a decade of relative peace and reconstruction the bombings and assassinations have returned to Beirut. Two suspected car bombs struck Algiers within 10 minutes of each other. Interior minister blames a militant Islamic group with ties to al Qaeda for the attacks In a posting on an Islamist Web site the group al Qaeda Islamic Maghreb claimed responsibility. The group called the operation another successful conquest and a second epic Libyan agent Abdel Basset al...
Can you elaborate on the issue discussed in this report about valerie gooding is in the top five most powerful businesswomen?,Valerie Gooding is in the top five most powerful businesswomen in Europe. Sallie Krawcheck is Chairman and Chief Executive of Citi Global Wealth Management. Nasser al Ansari is the CEO of Qatari Diar CEO of the office of the First Deputy Prime Minister and Foreign Minister of Qatar. Kenya has enjoyed a reputation as one of East Africas most stable nations since achieving independence from the UK in 1963. The UK has since the early 1990s been one of the topFive exporters to Saudi Arabia. Talk about how a modelling assignment has changed her life and revisits one of her most important films of all time. and how it could affect how one of Africas few economic success stories follows her on a journey to Asia. and follows up with a visit to China to see how the country has changed since she moved there in the 1980s and 1990s.,Valerie Gooding is in the top five most powerful businesswomen in Europe. Sallie Krawcheck is Chairman and Chief Executive of Citi Global Wealth Management. Nasser al Ansari is the CEO of Qatari Diar CEO of the office of the First Deputy Prime Minister and Foreign Minister of Qatar. Kenya has enjoyed a reputation as one of East Africas most stable nations since achieving independence from the UK in 1963. The UK has since the early 1990s been one of the topFive exporters to Sa...
Can you elaborate on the issue discussed in this report about security officers flagged hawkins as suspicious when he entered the?,Security officers flagged Hawkins as suspicious when he entered the mall. Hawkins left soon after he entered then returned with something apparently hidden in a balledup sweatshirt. He went up an elevator to the malls third floor then immediately began firing ultimately turning the firearm on himself Twenty shots were fired Coppin was struck eight times Kelly said Kelly said the teens mother reported he had not taken his antidepressant and antipsychotic medication Police have not recovered a gun and do not believe he was armed 18-year-old shot eight people inside his high school in southern Finland before turning the gun on himself Police confirmed the dead numbered two girls five boys and the schools headmistress. The shooting appeared to have been planned out in graphic videos posted on Internet filesharing site YouTube police said Another short video clip called Just Testing My Gun showed Auvinen loading and cocking a handgun He fired and hit several pieces of fruit in a wooded area the camera then showed a closeup of the destroyed fruit and then a fullscreen shot of him again.,Security officers flagged Hawkins as suspicious when he entered the mall. Hawkins left soon after he entered then returned with something apparently hidden in a balledup sweatshirt. He went up an elevator to the malls third floor then immediately began firing ultimately turning the firearm on himself Twenty shots were fired Coppin was struck eight times Kelly said Kelly said the teens mother reported he had not taken his antidepressant and antipsychotic medication Police have...
Can you elaborate on the issue discussed in this report about stiles a resident of pahrump nevada was turned over to?,Stiles a resident of Pahrump Nevada was turned over to Las Vegas Metropolitan Police He had been sought in connection with the videotape which shows a girl being sexually assaulted. The tape was given to authorities by Darren Tuck who told police he had found it in the desert five months before handing it over. The girl who is now 7 was found last month after a nationwide search. The girls mother said on The Dr Phil Show Wednesday that she was relieved about Stiles arrest although it would have been better if they found him dead. Former girlfriend Tina Allen says she thinks she is the reason Stiles came in contact with the girl Allen said she took Stiles to a crowded apartment where her son and daughter lived Also living in the apartment were a family friend and her daughter the alleged assault victim. Stiles was already being sought on an unrelated 2004 charge of felony lewdness with a child under 14 Authorities amended that earlier filing on October 4 to include 20 counts related to the videotaped rape.,Stiles a resident of Pahrump Nevada was turned over to Las Vegas Metropolitan Police He had been sought in connection with the videotape which shows a girl being sexually assaulted. The tape was given to authorities by Darren Tuck who told police he had found it in the desert five months before handing it over. The girl who is now 7 was found last month after a nationwide search. The girls mother said on The Dr Phil Show Wednesday that she was relieved about Stiles arrest alt...
Can you elaborate on the issue discussed in this report about a dire shortage of donated organs in rich countries is?,A dire shortage of donated organs in rich countries is sending foreigners to poorer places like China Pakistan Turkey Egypt Colombia and the Philippines. A lack of transparency and little protection for donors has spurred calls by international bodies to crack down on or at least regulate the trade. Clinton and CNNs chief medical correspondent Dr Sanjay Gupta gathered with experts from across the country Wednesday to explore solutions to Americas obesity crisis. They addressed such proposed solutions as healthy school lunches elimination of trans fats the need for healthier food in urban communities in Asia a cultural obsession with keeping the body of the deceased intact has stymied public organ donation programs in Asia. The panel took questions from an audience of 150 people mostly obesity experts or those who work in industries that deal with obesity in a panel moderated by CNN's Dr Gupta. The first Fit Nation event will take place in Las Vegas in November and will be hosted by CNN Medical Unit.,A dire shortage of donated organs in rich countries is sending foreigners to poorer places like China Pakistan Turkey Egypt Colombia and the Philippines. A lack of transparency and little protection for donors has spurred calls by international bodies to crack down on or at least regulate the trade. Clinton and CNNs chief medical correspondent Dr Sanjay Gupta gathered with experts from across the country Wednesday to explore solutions to Americas obesity crisis. They addresse...
Can you elaborate on the issue discussed in this report about blackwater resumed normal security operations in iraq on friday. iraqi?,Blackwater resumed normal security operations in Iraq on Friday. Iraqi government was outraged by the shootings and disputes the U S and Blackwaters claim that the guards were responding to an attack. Blackwater investigating alleged smuggling of weapons into Iraq by a contractor. A mine exploded Monday on a road in southern Somalia killing four Eric Prince is the chairman and CEO of the Prince Group and Blackwater USA. He founded Blackwater in 1997 Ten years later Blackwater trains approximately 500 members of the United States military and law enforcement agencies every day A Philadelphia law firm has filed suit in federal court against Blackwater. The suit claims Blackwater created and fostered a culture of lawlessness amongst its employees. Prince called the lawsuit politically motivated for media attention and rejected the depictions of his company. He said when the guys get it right 99 out of 100 times and dont have to use any force or any violence at all I think they are doing very well.,Blackwater resumed normal security operations in Iraq on Friday. Iraqi government was outraged by the shootings and disputes the U S and Blackwaters claim that the guards were responding to an attack. Blackwater investigating alleged smuggling of weapons into Iraq by a contractor. A mine exploded Monday on a road in southern Somalia killing four Eric Prince is the chairman and CEO of the Prince Group and Blackwater USA. He founded Blackwater in 1997 Ten years later Blackwater...
Can you elaborate on the issue discussed in this report about iranian president mahmoud ahmadinejad says no caspian nation should offer?,Iranian President Mahmoud Ahmadinejad says no Caspian nation should offer its territory to third powers for use of force or military aggression Putin says rumors of an attempt on his life would not stop his plans Putin was greeted by Iranian Foreign Minister Manouchehr Mottaki as he stepped off his plane at Tehrans Mehrabad Airport. The Russian president was in Germany for talks with German Chancellor Angela Merkel. The nations political atmosphere has been tense for months with Pakistani leaders in August considering a state of emergency because of the growing security threats in the countrys lawless tribal regions. Corkd com already had 40 000 users when Vaynerchuk purchased the site last year The free service allows users to catalog and review wines Instead of having friends as on Facebook members identify drinking buddies and check out what theyre drinking The site counts 6 million bottles in their virtual cellars. More than half of the cargo flown into Iraq and Afghanistan comes through Incirlik Air Base Pentagon planners are looking at a broad range of options to keep food fuel and ammunition flowing to U S troops in Iraq if Turkey blocks the air base.,Iranian President Mahmoud Ahmadinejad says no Caspian nation should offer its territory to third powers for use of force or military aggression Putin says rumors of an attempt on his life would not stop his plans Putin was greeted by Iranian Foreign Minister Manouchehr Mottaki as he stepped off his plane at Tehrans Mehrabad Airport. The Russian president was in Germany for talks with German Chancellor Angela Merkel. The nations political atmosphere has been tense for months w...
Can you elaborate on the issue discussed in this report about both democratic frontrunners were reaching out to africanamerican voters sunday?,Both Democratic frontrunners were reaching out to AfricanAmerican voters Sunday Obama who often refers to King in his speeches spoke at Atlanta Georgias Ebenezer Baptist Church Obama challenged the audience at the historic black church to take a look at a few lingering prejudices. A new CNNOpinion Research Corp poll suggests the battle for the Democratic presidential nomination is a statistical dead heat in Texas 50 percent of likely Democratic primary voters support Clinton as their choice for the partys nominee with 48 percent backing Obama. In an October poll Clinton was supported by 51 percent of Democratic voters and had a 30 point lead over Obama. Clinton and Obama have split victories in their parties earlyvoting states Obama has won in Iowa and South Carolina and Clinton in New Hampshire Nevada Michigan and Florida All major Democratic presidential candidates pledged to avoid campaigning in those states following national party penalties against them for moving up their contests so early. Two pastors say they are not scared off by programs with ties to Scientology Critics say Scientology has aggressive recruiting secretive ways and rigid theology.,Both Democratic frontrunners were reaching out to AfricanAmerican voters Sunday Obama who often refers to King in his speeches spoke at Atlanta Georgias Ebenezer Baptist Church Obama challenged the audience at the historic black church to take a look at a few lingering prejudices. A new CNNOpinion Research Corp poll suggests the battle for the Democratic presidential nomination is a statistical dead heat in Texas 50 percent of likely Democratic primary voters support Clinton ...
What were the experiences of drivers and rescuers during the Mississippi bridge collapse?,U S attorney in San Francisco has opened a federal criminal investigation into the crash of the MV Cosco Busan. Nearly 400 birds were killed in the crash and oil spill which prompted a federal investigation. An American Airlines passenger complaining that she was having trouble breathing died on a flight last week MedAire Inc said its physicians last year advised 74 airlines on how to handle more than 17 000 inflight medical events. The death underscores the importance of taking precautions before flying a travel health industry representative said Monday Hospital officials reported 30 dead in three days of clashes on the citys south side. Two pirates were killed and five were captured the Navy said The captured pirates were being held aboard the North Korean vessel The bandits had seized the ships bridge while the crew kept control of the steering gear and engines. Three wounded crew members were being treated aboard the guidedmissile destroyer USS James E Williams. The Coast Guard says human error factors probably were involved in the accident.,"The Mississippi River bridge collapse was a catastrophic event that led to numerous vehicles plunging into the water. Survivors described a sudden rumbling and total structural failure. Rescue operations were swift, with EMTs and volunteers managing to transport over 50 injured individuals to safety in under two hours. Many bystanders and untrained individuals like drivers and pedestrians risked their lives to help children and fellow citizens, demonstrating remarkable courage and community spirit in a moment of chaos."
Can you elaborate on the issue discussed in this report about many climatologists and scientists say arctic ice melt and other?,Many climatologists and scientists say arctic ice melt and other changes in the Earths climate are the result of an increase in the worlds temperature a trend widely called global warming. Many global warming experts say the phenomenon if unchecked is capable of altering the worlds climate and geography. Other scientists and observers a minority compared to those who believe the warming trend is something ominous say it is simply the latest shift in the cyclical patterns of a planets life. Journalist Eric Weiner wanted to explore the relationship between place and happiness He made it his mission to find the most content places around the globe He uncovered lots of surprises along the way including a tropical paradise in South Africa Coral reefs are home to 25 percent of all marine fish species 500 million people rely on coral reefs for their food and livelihoods According to the Nature Conservancy 70 percent of the worlds coral reefs will be destroyed by the year 2050.,Many climatologists and scientists say arctic ice melt and other changes in the Earths climate are the result of an increase in the worlds temperature a trend widely called global warming. Many global warming experts say the phenomenon if unchecked is capable of altering the worlds climate and geography. Other scientists and observers a minority compared to those who believe the warming trend is something ominous say it is simply the latest shift in the cyclical patterns of a...
Can you elaborate on the issue discussed in this report about riley ann sawyers was beaten with belts picked up by?,Riley Ann Sawyers was beaten with belts picked up by her hair thrown across the room and held under water according to an affidavit from the Galveston County Sheriffs Office. Prosecutors said they have not decided whether to seek the death penalty against the girls mother Kimberly Dawn Trenor and Trenors husband Royce Clyde Zeigler II Rileys body was found October 29 by a fisherman on an uninhabited island in Galvestons West Bay. A medical examiner said the childs skull was fractured and a forensic dentist estimated her age at 2 to 3 years Police dubbed the child Baby Grace. Investigators believe the child they dubbed Baby Grace is actually 2yearold RileyAnn Sawyers DNA analysis is still in progress to confirm that identification. The family was devastated to learn that police believe Riley is dead Its hard to think that Ill never see her again she said clutching a red Elmo doll she had planned to give Riley for Christmas.,Riley Ann Sawyers was beaten with belts picked up by her hair thrown across the room and held under water according to an affidavit from the Galveston County Sheriffs Office. Prosecutors said they have not decided whether to seek the death penalty against the girls mother Kimberly Dawn Trenor and Trenors husband Royce Clyde Zeigler II Rileys body was found October 29 by a fisherman on an uninhabited island in Galvestons West Bay. A medical examiner said the childs skull was f...
Can you elaborate on the issue discussed in this report about lauren caught something that was in the air before any?,Lauren caught something that was in the air before any of his competitors had a chance to grab it Lauren made it look as easy as Fred Astaire dancing down a staircase What matters the most to me are clothes that are consistent and accessible says the designer. Lauren says she relies on people walking into her store saying I want your clothes Her clothes the clothes we make for the runway arent concepts she says Thankfully we have lots of them says Lauren If I backed up things might look fine KH Powder because I get shiny And lip balm either the Smiths Rosebud Salve or C O Bigelows Mentha Lip Shine in Black Cherry Soda from Last night at work they put my hair in two French braids to keep it flat under the scrub cap I thought it looked cute and that I could pull it off after Id slept on it So I thought I could recreate it myself no again.,Lauren caught something that was in the air before any of his competitors had a chance to grab it Lauren made it look as easy as Fred Astaire dancing down a staircase What matters the most to me are clothes that are consistent and accessible says the designer. Lauren says she relies on people walking into her store saying I want your clothes Her clothes the clothes we make for the runway arent concepts she says Thankfully we have lots of them says Lauren If I backed up things...
Can you elaborate on the issue discussed in this report about fuji speedway has yet to see a single f1 team?, Fuji Speedway has yet to see a single F1 team put in a single lap. The new circuit is expected to be completed by the end of the year or early 2015. The Japanese Grand Prix will be held at Fuji this year and the next Suzuka will return to the calendar for 2009 on the condition that the circuit makes some approved modifications. The world title race goes to a cliffhanger finale in Brazil on October 21 Hamilton can still clinch the crown with third place in the closing race. The secondgeneration Scion FJ Cruiser is a hipster take on the Toyota FJ Features include a central console that fits in a DVD player alongside a backlit GPS satnav system that lights up in any one of 10 colors. The MazdaSpeed3 will storm from standing to a mile a minute in under six seconds and is said to hit 155 mph. The Tiburon in its third incarnation is perhaps the purest lowslung sportster that wont bust a firsttime buyers wallet., Fuji Speedway has yet to see a single F1 team put in a single lap. The new circuit is expected to be completed by the end of the year or early 2015. The Japanese Grand Prix will be held at Fuji this year and the next Suzuka will return to the calendar for 2009 on the condition that the circuit makes some approved modifications. The world title race goes to a cliffhanger finale in Brazil on October 21 Hamilton can still clinch the crown with third place in the closing race. T...
Can you elaborate on the issue discussed in this report about the singapore airlineowned a380 completed its maiden passenger journey between?,The Singapore Airlineowned A380 completed its maiden passenger journey between Singapore and Sydney. It was two years late and billions of dollars over budget but this week it made history with the first double bed on a commercial jet. On board were nearly 500 passengers who had bid thousands of dollars for the historical experience Singapore Airlines CEO Chew Choon Seng named the jetliner the queen of the skies. Heathrow's new Terminal 5 will be able to handle four A380s at one time. The airline has a tough delivery schedule ahead to fulfil its 185 orders to 15 customers Next year it plans to deliver 13 a further 25 in 2009 and 45 in 2010 The first flights from the new terminal are scheduled for March 27 It is part of a strategy which could lead to passenger numbers almost doubling to 122 million a year. A sixth terminal and a third runway are in the pipeline despite some vociferous opposition. RFID tags will be used in 45 percent of airports by the end of 2009.,The Singapore Airlineowned A380 completed its maiden passenger journey between Singapore and Sydney. It was two years late and billions of dollars over budget but this week it made history with the first double bed on a commercial jet. On board were nearly 500 passengers who had bid thousands of dollars for the historical experience Singapore Airlines CEO Chew Choon Seng named the jetliner the queen of the skies. Heathrow's new Terminal 5 will be able to handle four A380s at ...
Can you elaborate on the issue discussed in this report about maria lauterbach was eight months pregnant when she was reported?,Maria Lauterbach was eight months pregnant when she was reported missing December 19 Authorities say she was killed four days earlier. Cesar Laurean is charged with firstdegree murder He remains at large and authorities say he may have fled to Mexico. Vince McMahon tells CNN nothing from the WWE had anything to do with Chris Benoit murdering his family Benoit's death has refocused a media spotlight on the organization for which he wrestled now known as World Wrestling Entertainment McMahon says the average wrestler is lighter than in recent years. About 16 million people a week tune into WWE TV shows Two of their cable programs Raw and Friday Night Smackdown are weekly ratings giants. Dr Gary Wadler a worldrenowned expert in the study of drugs and athletes says the WWE is not doing enough to protect its athletes. The FBI is offering a 25 000 reward for information leading to Laureanans arrest.,Maria Lauterbach was eight months pregnant when she was reported missing December 19 Authorities say she was killed four days earlier. Cesar Laurean is charged with firstdegree murder He remains at large and authorities say he may have fled to Mexico. Vince McMahon tells CNN nothing from the WWE had anything to do with Chris Benoit murdering his family Benoit's death has refocused a media spotlight on the organization for which he wrestled now known as World Wrestling Enterta...
